"HF","Financing scheme","HC","Function","HP","Provider","MEASURE","Measure","LOCATION","Country","TIME","Year","Unit Code","Unit","PowerCode Code","PowerCode","Reference Period Code","Reference Period","Value","Flag Codes","Flags"
"HFTOT","All financing schemes","HCTOT","Current expenditure on health (all functions)","HPTOT","All providers","PPPPER","Per capita, current prices, current PPPs","AUS","Australia","2015","2015","USD","US Dollar","0","Units",,,4776.158,,
"HFTOT","All financing schemes","HCTOT","Current expenditure on health (all functions)","HPTOT","All providers","PPPPER","Per capita, current prices, current PPPs","AUS","Australia","2016","2016","USD","US Dollar","0","Units",,,5037.266,,
"HFTOT","All financing schemes","HCTOT","Current expenditure on health (all functions)","HPTOT","All providers","PPPPER","Per capita, current prices, current PPPs","AUS","Australia","2017","2017","USD","US Dollar","0","Units",,,5074.653,,
"HFTOT","All financing schemes","HCTOT","Current expenditure on health (all functions)","HPTOT","All providers","PPPPER","Per capita, current prices, current PPPs","AUS","Australia","2018","2018","USD","US Dollar","0","Units",,,5190.886,,
"HFTOT","All financing schemes","HCTOT","Current expenditure on health (all functions)","HPTOT","All providers","PPPPER","Per capita, current prices, current PPPs","AUS","Australia","2019","2019","USD","US Dollar","0","Units",,,5126.653,,
"HFTOT","All financing schemes","HCTOT","Current expenditure on health (all functions)","HPTOT","All providers","PPPPER","Per capita, current prices, current PPPs","AUS","Australia","2020","2020","USD","US Dollar","0","Units",,,5692.402,,
"HFTOT","All financing schemes","HCTOT","Current expenditure on health (all functions)","HPTOT","All providers","PPPPER","Per capita, current prices, current PPPs","AUS","Australia","2021","2021","USD","US Dollar","0","Units",,,6225.535,"E","Estimated value"
"HFTOT","All financing schemes","HCTOT","Current expenditure on health (all functions)","HPTOT","All providers","PPPPER","Per capita, current prices, current PPPs","AUS","Australia","2022","2022","USD","US Dollar","0","Units",,,6372.027,"E","Estimated value"
"HFTOT","All financing schemes","HCTOT","Current expenditure on health (all functions)","HPTOT","All providers","PPPPER","Per capita, current prices, current PPPs","AUT","Austria","2015","2015","USD","US Dollar","0","Units",,,4943.516,,
"HFTOT","All financing schemes","HCTOT","Current expenditure on health (all functions)","HPTOT","All providers","PPPPER","Per capita, current prices, current PPPs","AUT","Austria","2016","2016","USD","US Dollar","0","Units",,,5195.532,,
"HFTOT","All financing schemes","HCTOT","Current expenditure on health (all functions)","HPTOT","All providers","PPPPER","Per capita, current prices, current PPPs","AUT","Austria","2017","2017","USD","US Dollar","0","Units",,,5315.355,,
"HFTOT","All financing schemes","HCTOT","Current expenditure on health (all functions)","HPTOT","All providers","PPPPER","Per capita, current prices, current PPPs","AUT","Austria","2018","2018","USD","US Dollar","0","Units",,,5518.538,,
"HFTOT","All financing schemes","HCTOT","Current expenditure on health (all functions)","HPTOT","All providers","PPPPER","Per capita, current prices, current PPPs","AUT","Austria","2019","2019","USD","US Dollar","0","Units",,,5625.442,,
"HFTOT","All financing schemes","HCTOT","Current expenditure on health (all functions)","HPTOT","All providers","PPPPER","Per capita, current prices, current PPPs","AUT","Austria","2020","2020","USD","US Dollar","0","Units",,,5863.664,,
"HFTOT","All financing schemes","HCTOT","Current expenditure on health (all functions)","HPTOT","All providers","PPPPER","Per capita, current prices, current PPPs","AUT","Austria","2021","2021","USD","US Dollar","0","Units",,,6690.093,,
"HFTOT","All financing schemes","HCTOT","Current expenditure on health (all functions)","HPTOT","All providers","PPPPER","Per capita, current prices, current PPPs","AUT","Austria","2022","2022","USD","US Dollar","0","Units",,,7275.354,"P","Provisional value"
"HFTOT","All financing schemes","HCTOT","Current expenditure on health (all functions)","HPTOT","All providers","PPPPER","Per capita, current prices, current PPPs","BEL","Belgium","2015","2015","USD","US Dollar","0","Units",,,4817.917,,
"HFTOT","All financing schemes","HCTOT","Current expenditure on health (all functions)","HPTOT","All providers","PPPPER","Per capita, current prices, current PPPs","BEL","Belgium","2016","2016","USD","US Dollar","0","Units",,,5013.354,,
"HFTOT","All financing schemes","HCTOT","Current expenditure on health (all functions)","HPTOT","All providers","PPPPER","Per capita, current prices, current PPPs","BEL","Belgium","2017","2017","USD","US Dollar","0","Units",,,5143.526,,
"HFTOT","All financing schemes","HCTOT","Current expenditure on health (all functions)","HPTOT","All providers","PPPPER","Per capita, current prices, current PPPs","BEL","Belgium","2018","2018","USD","US Dollar","0","Units",,,5350.974,,
"HFTOT","All financing schemes","HCTOT","Current expenditure on health (all functions)","HPTOT","All providers","PPPPER","Per capita, current prices, current PPPs","BEL","Belgium","2019","2019","USD","US Dollar","0","Units",,,5423.676,,
"HFTOT","All financing schemes","HCTOT","Current expenditure on health (all functions)","HPTOT","All providers","PPPPER","Per capita, current prices, current PPPs","BEL","Belgium","2020","2020","USD","US Dollar","0","Units",,,5509.054,,
"HFTOT","All financing schemes","HCTOT","Current expenditure on health (all functions)","HPTOT","All providers","PPPPER","Per capita, current prices, current PPPs","BEL","Belgium","2021","2021","USD","US Dollar","0","Units",,,6022.253,,
"HFTOT","All financing schemes","HCTOT","Current expenditure on health (all functions)","HPTOT","All providers","PPPPER","Per capita, current prices, current PPPs","BEL","Belgium","2022","2022","USD","US Dollar","0","Units",,,6599.981,"E","Estimated value"
"HFTOT","All financing schemes","HCTOT","Current expenditure on health (all functions)","HPTOT","All providers","PPPPER","Per capita, current prices, current PPPs","CAN","Canada","2015","2015","USD","US Dollar","0","Units",,,4633.159,,
"HFTOT","All financing schemes","HCTOT","Current expenditure on health (all functions)","HPTOT","All providers","PPPPER","Per capita, current prices, current PPPs","CAN","Canada","2016","2016","USD","US Dollar","0","Units",,,5043.699,,
"HFTOT","All financing schemes","HCTOT","Current expenditure on health (all functions)","HPTOT","All providers","PPPPER","Per capita, current prices, current PPPs","CAN","Canada","2017","2017","USD","US Dollar","0","Units",,,5171.553,,
"HFTOT","All financing schemes","HCTOT","Current expenditure on health (all functions)","HPTOT","All providers","PPPPER","Per capita, current prices, current PPPs","CAN","Canada","2018","2018","USD","US Dollar","0","Units",,,5337.4,,
"HFTOT","All financing schemes","HCTOT","Current expenditure on health (all functions)","HPTOT","All providers","PPPPER","Per capita, current prices, current PPPs","CAN","Canada","2019","2019","USD","US Dollar","0","Units",,,5222.644,,
"HFTOT","All financing schemes","HCTOT","Current expenditure on health (all functions)","HPTOT","All providers","PPPPER","Per capita, current prices, current PPPs","CAN","Canada","2020","2020","USD","US Dollar","0","Units",,,5879.075,"D","Difference in methodology"
"HFTOT","All financing schemes","HCTOT","Current expenditure on health (all functions)","HPTOT","All providers","PPPPER","Per capita, current prices, current PPPs","CAN","Canada","2021","2021","USD","US Dollar","0","Units",,,6277.503,"D; P","Difference in methodology; Provisional value"
"HFTOT","All financing schemes","HCTOT","Current expenditure on health (all functions)","HPTOT","All providers","PPPPER","Per capita, current prices, current PPPs","CAN","Canada","2022","2022","USD","US Dollar","0","Units",,,6319.038,"D; P","Difference in methodology; Provisional value"
"HFTOT","All financing schemes","HCTOT","Current expenditure on health (all functions)","HPTOT","All providers","PPPPER","Per capita, current prices, current PPPs","EST","Estonia","2015","2015","USD","US Dollar","0","Units",,,1940.411,,
"HFTOT","All financing schemes","HCTOT","Current expenditure on health (all functions)","HPTOT","All providers","PPPPER","Per capita, current prices, current PPPs","EST","Estonia","2016","2016","USD","US Dollar","0","Units",,,2096.544,,
"HFTOT","All financing schemes","HCTOT","Current expenditure on health (all functions)","HPTOT","All providers","PPPPER","Per capita, current prices, current PPPs","EST","Estonia","2017","2017","USD","US Dollar","0","Units",,,2201.474,,
"HFTOT","All financing schemes","HCTOT","Current expenditure on health (all functions)","HPTOT","All providers","PPPPER","Per capita, current prices, current PPPs","EST","Estonia","2018","2018","USD","US Dollar","0","Units",,,2364.073,,
"HFTOT","All financing schemes","HCTOT","Current expenditure on health (all functions)","HPTOT","All providers","PPPPER","Per capita, current prices, current PPPs","EST","Estonia","2019","2019","USD","US Dollar","0","Units",,,2453.074,,
"HFTOT","All financing schemes","HCTOT","Current expenditure on health (all functions)","HPTOT","All providers","PPPPER","Per capita, current prices, current PPPs","EST","Estonia","2020","2020","USD","US Dollar","0","Units",,,2731.011,,
"HFTOT","All financing schemes","HCTOT","Current expenditure on health (all functions)","HPTOT","All providers","PPPPER","Per capita, current prices, current PPPs","EST","Estonia","2021","2021","USD","US Dollar","0","Units",,,3073.593,,
"HFTOT","All financing schemes","HCTOT","Current expenditure on health (all functions)","HPTOT","All providers","PPPPER","Per capita, current prices, current PPPs","EST","Estonia","2022","2022","USD","US Dollar","0","Units",,,3102.516,"P","Provisional value"
"HFTOT","All financing schemes","HCTOT","Current expenditure on health (all functions)","HPTOT","All providers","PPPPER","Per capita, current prices, current PPPs","DNK","Denmark","2015","2015","USD","US Dollar","0","Units",,,4719.382,,
"HFTOT","All financing schemes","HCTOT","Current expenditure on health (all functions)","HPTOT","All providers","PPPPER","Per capita, current prices, current PPPs","DNK","Denmark","2016","2016","USD","US Dollar","0","Units",,,4894.079,,
"HFTOT","All financing schemes","HCTOT","Current expenditure on health (all functions)","HPTOT","All providers","PPPPER","Per capita, current prices, current PPPs","DNK","Denmark","2017","2017","USD","US Dollar","0","Units",,,5112.959,,
"HFTOT","All financing schemes","HCTOT","Current expenditure on health (all functions)","HPTOT","All providers","PPPPER","Per capita, current prices, current PPPs","DNK","Denmark","2018","2018","USD","US Dollar","0","Units",,,5306.704,,
"HFTOT","All financing schemes","HCTOT","Current expenditure on health (all functions)","HPTOT","All providers","PPPPER","Per capita, current prices, current PPPs","DNK","Denmark","2019","2019","USD","US Dollar","0","Units",,,5359.776,,
"HFTOT","All financing schemes","HCTOT","Current expenditure on health (all functions)","HPTOT","All providers","PPPPER","Per capita, current prices, current PPPs","DNK","Denmark","2020","2020","USD","US Dollar","0","Units",,,5697.193,,
"HFTOT","All financing schemes","HCTOT","Current expenditure on health (all functions)","HPTOT","All providers","PPPPER","Per capita, current prices, current PPPs","DNK","Denmark","2021","2021","USD","US Dollar","0","Units",,,6372.074,,
"HFTOT","All financing schemes","HCTOT","Current expenditure on health (all functions)","HPTOT","All providers","PPPPER","Per capita, current prices, current PPPs","DNK","Denmark","2022","2022","USD","US Dollar","0","Units",,,6279.807,"P","Provisional value"
"HFTOT","All financing schemes","HCTOT","Current expenditure on health (all functions)","HPTOT","All providers","PPPPER","Per capita, current prices, current PPPs","DEU","Germany","2015","2015","USD","US Dollar","0","Units",,,5299.105,,
"HFTOT","All financing schemes","HCTOT","Current expenditure on health (all functions)","HPTOT","All providers","PPPPER","Per capita, current prices, current PPPs","DEU","Germany","2016","2016","USD","US Dollar","0","Units",,,5673.733,,
"HFTOT","All financing schemes","HCTOT","Current expenditure on health (all functions)","HPTOT","All providers","PPPPER","Per capita, current prices, current PPPs","DEU","Germany","2017","2017","USD","US Dollar","0","Units",,,5976.472,,
"HFTOT","All financing schemes","HCTOT","Current expenditure on health (all functions)","HPTOT","All providers","PPPPER","Per capita, current prices, current PPPs","DEU","Germany","2018","2018","USD","US Dollar","0","Units",,,6290.078,,
"HFTOT","All financing schemes","HCTOT","Current expenditure on health (all functions)","HPTOT","All providers","PPPPER","Per capita, current prices, current PPPs","DEU","Germany","2019","2019","USD","US Dollar","0","Units",,,6418.323,,
"HFTOT","All financing schemes","HCTOT","Current expenditure on health (all functions)","HPTOT","All providers","PPPPER","Per capita, current prices, current PPPs","DEU","Germany","2020","2020","USD","US Dollar","0","Units",,,6945.909,,
"HFTOT","All financing schemes","HCTOT","Current expenditure on health (all functions)","HPTOT","All providers","PPPPER","Per capita, current prices, current PPPs","DEU","Germany","2021","2021","USD","US Dollar","0","Units",,,7518.153,,
"HFTOT","All financing schemes","HCTOT","Current expenditure on health (all functions)","HPTOT","All providers","PPPPER","Per capita, current prices, current PPPs","DEU","Germany","2022","2022","USD","US Dollar","0","Units",,,8010.935,"P","Provisional value"
"HFTOT","All financing schemes","HCTOT","Current expenditure on health (all functions)","HPTOT","All providers","PPPPER","Per capita, current prices, current PPPs","CHE","Switzerland","2015","2015","USD","US Dollar","0","Units",,,6258.916,,
"HFTOT","All financing schemes","HCTOT","Current expenditure on health (all functions)","HPTOT","All providers","PPPPER","Per capita, current prices, current PPPs","CHE","Switzerland","2016","2016","USD","US Dollar","0","Units",,,6547.904,,
"HFTOT","All financing schemes","HCTOT","Current expenditure on health (all functions)","HPTOT","All providers","PPPPER","Per capita, current prices, current PPPs","CHE","Switzerland","2017","2017","USD","US Dollar","0","Units",,,6518.816,,
"HFTOT","All financing schemes","HCTOT","Current expenditure on health (all functions)","HPTOT","All providers","PPPPER","Per capita, current prices, current PPPs","CHE","Switzerland","2018","2018","USD","US Dollar","0","Units",,,6601.596,,
"HFTOT","All financing schemes","HCTOT","Current expenditure on health (all functions)","HPTOT","All providers","PPPPER","Per capita, current prices, current PPPs","CHE","Switzerland","2019","2019","USD","US Dollar","0","Units",,,6708.349,,
"HFTOT","All financing schemes","HCTOT","Current expenditure on health (all functions)","HPTOT","All providers","PPPPER","Per capita, current prices, current PPPs","CHE","Switzerland","2020","2020","USD","US Dollar","0","Units",,,7022.378,,
"HFTOT","All financing schemes","HCTOT","Current expenditure on health (all functions)","HPTOT","All providers","PPPPER","Per capita, current prices, current PPPs","CHE","Switzerland","2021","2021","USD","US Dollar","0","Units",,,7582.184,,
"HFTOT","All financing schemes","HCTOT","Current expenditure on health (all functions)","HPTOT","All providers","PPPPER","Per capita, current prices, current PPPs","CHE","Switzerland","2022","2022","USD","US Dollar","0","Units",,,8049.11,"E","Estimated value"
"HFTOT","All financing schemes","HCTOT","Current expenditure on health (all functions)","HPTOT","All providers","PPPPER","Per capita, current prices, current PPPs","CRI","Costa Rica","2015","2015","USD","US Dollar","0","Units",,,1382.59,,
"HFTOT","All financing schemes","HCTOT","Current expenditure on health (all functions)","HPTOT","All providers","PPPPER","Per capita, current prices, current PPPs","CRI","Costa Rica","2016","2016","USD","US Dollar","0","Units",,,1413.267,,
"HFTOT","All financing schemes","HCTOT","Current expenditure on health (all functions)","HPTOT","All providers","PPPPER","Per capita, current prices, current PPPs","CRI","Costa Rica","2017","2017","USD","US Dollar","0","Units",,,1445.438,,
"HFTOT","All financing schemes","HCTOT","Current expenditure on health (all functions)","HPTOT","All providers","PPPPER","Per capita, current prices, current PPPs","CRI","Costa Rica","2018","2018","USD","US Dollar","0","Units",,,1529.721,"B","Break"
"HFTOT","All financing schemes","HCTOT","Current expenditure on health (all functions)","HPTOT","All providers","PPPPER","Per capita, current prices, current PPPs","CRI","Costa Rica","2019","2019","USD","US Dollar","0","Units",,,1556.168,,
"HFTOT","All financing schemes","HCTOT","Current expenditure on health (all functions)","HPTOT","All providers","PPPPER","Per capita, current prices, current PPPs","CRI","Costa Rica","2020","2020","USD","US Dollar","0","Units",,,1617.823,,
"HFTOT","All financing schemes","HCTOT","Current expenditure on health (all functions)","HPTOT","All providers","PPPPER","Per capita, current prices, current PPPs","CRI","Costa Rica","2021","2021","USD","US Dollar","0","Units",,,1670.558,,
"HFTOT","All financing schemes","HCTOT","Current expenditure on health (all functions)","HPTOT","All providers","PPPPER","Per capita, current prices, current PPPs","CRI","Costa Rica","2022","2022","USD","US Dollar","0","Units",,,1658.141,"E","Estimated value"
"HFTOT","All financing schemes","HCTOT","Current expenditure on health (all functions)","HPTOT","All providers","PPPPER","Per capita, current prices, current PPPs","ESP","Spain","2015","2015","USD","US Dollar","0","Units",,,3019.529,,
"HFTOT","All financing schemes","HCTOT","Current expenditure on health (all functions)","HPTOT","All providers","PPPPER","Per capita, current prices, current PPPs","ESP","Spain","2016","2016","USD","US Dollar","0","Units",,,3148.656,,
"HFTOT","All financing schemes","HCTOT","Current expenditure on health (all functions)","HPTOT","All providers","PPPPER","Per capita, current prices, current PPPs","ESP","Spain","2017","2017","USD","US Dollar","0","Units",,,3317.92,,
"HFTOT","All financing schemes","HCTOT","Current expenditure on health (all functions)","HPTOT","All providers","PPPPER","Per capita, current prices, current PPPs","ESP","Spain","2018","2018","USD","US Dollar","0","Units",,,3427.322,,
"HFTOT","All financing schemes","HCTOT","Current expenditure on health (all functions)","HPTOT","All providers","PPPPER","Per capita, current prices, current PPPs","ESP","Spain","2019","2019","USD","US Dollar","0","Units",,,3528.382,,
"HFTOT","All financing schemes","HCTOT","Current expenditure on health (all functions)","HPTOT","All providers","PPPPER","Per capita, current prices, current PPPs","ESP","Spain","2020","2020","USD","US Dollar","0","Units",,,3715.968,,
"HFTOT","All financing schemes","HCTOT","Current expenditure on health (all functions)","HPTOT","All providers","PPPPER","Per capita, current prices, current PPPs","ESP","Spain","2021","2021","USD","US Dollar","0","Units",,,4086.783,,
"HFTOT","All financing schemes","HCTOT","Current expenditure on health (all functions)","HPTOT","All providers","PPPPER","Per capita, current prices, current PPPs","ESP","Spain","2022","2022","USD","US Dollar","0","Units",,,4431.858,"E","Estimated value"
"HFTOT","All financing schemes","HCTOT","Current expenditure on health (all functions)","HPTOT","All providers","PPPPER","Per capita, current prices, current PPPs","COL","Colombia","2015","2015","USD","US Dollar","0","Units",,,1035.02,,
"HFTOT","All financing schemes","HCTOT","Current expenditure on health (all functions)","HPTOT","All providers","PPPPER","Per capita, current prices, current PPPs","COL","Colombia","2016","2016","USD","US Dollar","0","Units",,,1101.628,,
"HFTOT","All financing schemes","HCTOT","Current expenditure on health (all functions)","HPTOT","All providers","PPPPER","Per capita, current prices, current PPPs","COL","Colombia","2017","2017","USD","US Dollar","0","Units",,,1139.442,,
"HFTOT","All financing schemes","HCTOT","Current expenditure on health (all functions)","HPTOT","All providers","PPPPER","Per capita, current prices, current PPPs","COL","Colombia","2018","2018","USD","US Dollar","0","Units",,,1191.885,,
"HFTOT","All financing schemes","HCTOT","Current expenditure on health (all functions)","HPTOT","All providers","PPPPER","Per capita, current prices, current PPPs","COL","Colombia","2019","2019","USD","US Dollar","0","Units",,,1239.66,,
"HFTOT","All financing schemes","HCTOT","Current expenditure on health (all functions)","HPTOT","All providers","PPPPER","Per capita, current prices, current PPPs","COL","Colombia","2020","2020","USD","US Dollar","0","Units",,,1293.223,,
"HFTOT","All financing schemes","HCTOT","Current expenditure on health (all functions)","HPTOT","All providers","PPPPER","Per capita, current prices, current PPPs","COL","Colombia","2021","2021","USD","US Dollar","0","Units",,,1532.348,,
"HFTOT","All financing schemes","HCTOT","Current expenditure on health (all functions)","HPTOT","All providers","PPPPER","Per capita, current prices, current PPPs","COL","Colombia","2022","2022","USD","US Dollar","0","Units",,,1639.872,"E","Estimated value"
"HFTOT","All financing schemes","HCTOT","Current expenditure on health (all functions)","HPTOT","All providers","PPPPER","Per capita, current prices, current PPPs","FIN","Finland","2015","2015","USD","US Dollar","0","Units",,,3992.493,"B","Break"
"HFTOT","All financing schemes","HCTOT","Current expenditure on health (all functions)","HPTOT","All providers","PPPPER","Per capita, current prices, current PPPs","FIN","Finland","2016","2016","USD","US Dollar","0","Units",,,4103.554,,
"HFTOT","All financing schemes","HCTOT","Current expenditure on health (all functions)","HPTOT","All providers","PPPPER","Per capita, current prices, current PPPs","FIN","Finland","2017","2017","USD","US Dollar","0","Units",,,4215.309,,
"HFTOT","All financing schemes","HCTOT","Current expenditure on health (all functions)","HPTOT","All providers","PPPPER","Per capita, current prices, current PPPs","FIN","Finland","2018","2018","USD","US Dollar","0","Units",,,4330.443,,
"HFTOT","All financing schemes","HCTOT","Current expenditure on health (all functions)","HPTOT","All providers","PPPPER","Per capita, current prices, current PPPs","FIN","Finland","2019","2019","USD","US Dollar","0","Units",,,4383.634,,
"HFTOT","All financing schemes","HCTOT","Current expenditure on health (all functions)","HPTOT","All providers","PPPPER","Per capita, current prices, current PPPs","FIN","Finland","2020","2020","USD","US Dollar","0","Units",,,4614.556,,
"HFTOT","All financing schemes","HCTOT","Current expenditure on health (all functions)","HPTOT","All providers","PPPPER","Per capita, current prices, current PPPs","FIN","Finland","2021","2021","USD","US Dollar","0","Units",,,5251.501,,
"HFTOT","All financing schemes","HCTOT","Current expenditure on health (all functions)","HPTOT","All providers","PPPPER","Per capita, current prices, current PPPs","FIN","Finland","2022","2022","USD","US Dollar","0","Units",,,5598.892,"E","Estimated value"
"HFTOT","All financing schemes","HCTOT","Current expenditure on health (all functions)","HPTOT","All providers","PPPPER","Per capita, current prices, current PPPs","IRL","Ireland","2015","2015","USD","US Dollar","0","Units",,,4309.173,,
"HFTOT","All financing schemes","HCTOT","Current expenditure on health (all functions)","HPTOT","All providers","PPPPER","Per capita, current prices, current PPPs","IRL","Ireland","2016","2016","USD","US Dollar","0","Units",,,4553.266,,
"HFTOT","All financing schemes","HCTOT","Current expenditure on health (all functions)","HPTOT","All providers","PPPPER","Per capita, current prices, current PPPs","IRL","Ireland","2017","2017","USD","US Dollar","0","Units",,,4682.722,,
"HFTOT","All financing schemes","HCTOT","Current expenditure on health (all functions)","HPTOT","All providers","PPPPER","Per capita, current prices, current PPPs","IRL","Ireland","2018","2018","USD","US Dollar","0","Units",,,4876.91,,
"HFTOT","All financing schemes","HCTOT","Current expenditure on health (all functions)","HPTOT","All providers","PPPPER","Per capita, current prices, current PPPs","IRL","Ireland","2019","2019","USD","US Dollar","0","Units",,,4976.129,,
"HFTOT","All financing schemes","HCTOT","Current expenditure on health (all functions)","HPTOT","All providers","PPPPER","Per capita, current prices, current PPPs","IRL","Ireland","2020","2020","USD","US Dollar","0","Units",,,5378.183,,
"HFTOT","All financing schemes","HCTOT","Current expenditure on health (all functions)","HPTOT","All providers","PPPPER","Per capita, current prices, current PPPs","IRL","Ireland","2021","2021","USD","US Dollar","0","Units",,,5860.738,,
"HFTOT","All financing schemes","HCTOT","Current expenditure on health (all functions)","HPTOT","All providers","PPPPER","Per capita, current prices, current PPPs","IRL","Ireland","2022","2022","USD","US Dollar","0","Units",,,6046.548,"P","Provisional value"
"HFTOT","All financing schemes","HCTOT","Current expenditure on health (all functions)","HPTOT","All providers","PPPPER","Per capita, current prices, current PPPs","FRA","France","2015","2015","USD","US Dollar","0","Units",,,4670.174,,
"HFTOT","All financing schemes","HCTOT","Current expenditure on health (all functions)","HPTOT","All providers","PPPPER","Per capita, current prices, current PPPs","FRA","France","2016","2016","USD","US Dollar","0","Units",,,4921.818,,
"HFTOT","All financing schemes","HCTOT","Current expenditure on health (all functions)","HPTOT","All providers","PPPPER","Per capita, current prices, current PPPs","FRA","France","2017","2017","USD","US Dollar","0","Units",,,5004.495,,
"HFTOT","All financing schemes","HCTOT","Current expenditure on health (all functions)","HPTOT","All providers","PPPPER","Per capita, current prices, current PPPs","FRA","France","2018","2018","USD","US Dollar","0","Units",,,5097.228,,
"HFTOT","All financing schemes","HCTOT","Current expenditure on health (all functions)","HPTOT","All providers","PPPPER","Per capita, current prices, current PPPs","FRA","France","2019","2019","USD","US Dollar","0","Units",,,5163.421,,
"HFTOT","All financing schemes","HCTOT","Current expenditure on health (all functions)","HPTOT","All providers","PPPPER","Per capita, current prices, current PPPs","FRA","France","2020","2020","USD","US Dollar","0","Units",,,5453.182,,
"HFTOT","All financing schemes","HCTOT","Current expenditure on health (all functions)","HPTOT","All providers","PPPPER","Per capita, current prices, current PPPs","FRA","France","2021","2021","USD","US Dollar","0","Units",,,6105.608,,
"HFTOT","All financing schemes","HCTOT","Current expenditure on health (all functions)","HPTOT","All providers","PPPPER","Per capita, current prices, current PPPs","FRA","France","2022","2022","USD","US Dollar","0","Units",,,6629.556,"E","Estimated value"
"HFTOT","All financing schemes","HCTOT","Current expenditure on health (all functions)","HPTOT","All providers","PPPPER","Per capita, current prices, current PPPs","HUN","Hungary","2015","2015","USD","US Dollar","0","Units",,,1891.248,,
"HFTOT","All financing schemes","HCTOT","Current expenditure on health (all functions)","HPTOT","All providers","PPPPER","Per capita, current prices, current PPPs","HUN","Hungary","2016","2016","USD","US Dollar","0","Units",,,1999.683,,
"HFTOT","All financing schemes","HCTOT","Current expenditure on health (all functions)","HPTOT","All providers","PPPPER","Per capita, current prices, current PPPs","HUN","Hungary","2017","2017","USD","US Dollar","0","Units",,,1998.62,,
"HFTOT","All financing schemes","HCTOT","Current expenditure on health (all functions)","HPTOT","All providers","PPPPER","Per capita, current prices, current PPPs","HUN","Hungary","2018","2018","USD","US Dollar","0","Units",,,2106.896,,
"HFTOT","All financing schemes","HCTOT","Current expenditure on health (all functions)","HPTOT","All providers","PPPPER","Per capita, current prices, current PPPs","HUN","Hungary","2019","2019","USD","US Dollar","0","Units",,,2095.186,,
"HFTOT","All financing schemes","HCTOT","Current expenditure on health (all functions)","HPTOT","All providers","PPPPER","Per capita, current prices, current PPPs","HUN","Hungary","2020","2020","USD","US Dollar","0","Units",,,2421.807,,
"HFTOT","All financing schemes","HCTOT","Current expenditure on health (all functions)","HPTOT","All providers","PPPPER","Per capita, current prices, current PPPs","HUN","Hungary","2021","2021","USD","US Dollar","0","Units",,,2748.683,,
"HFTOT","All financing schemes","HCTOT","Current expenditure on health (all functions)","HPTOT","All providers","PPPPER","Per capita, current prices, current PPPs","HUN","Hungary","2022","2022","USD","US Dollar","0","Units",,,2840.101,"P","Provisional value"
"HFTOT","All financing schemes","HCTOT","Current expenditure on health (all functions)","HPTOT","All providers","PPPPER","Per capita, current prices, current PPPs","GBR","United Kingdom","2015","2015","USD","US Dollar","0","Units",,,3794.577,,
"HFTOT","All financing schemes","HCTOT","Current expenditure on health (all functions)","HPTOT","All providers","PPPPER","Per capita, current prices, current PPPs","GBR","United Kingdom","2016","2016","USD","US Dollar","0","Units",,,3940.069,,
"HFTOT","All financing schemes","HCTOT","Current expenditure on health (all functions)","HPTOT","All providers","PPPPER","Per capita, current prices, current PPPs","GBR","United Kingdom","2017","2017","USD","US Dollar","0","Units",,,4038.964,,
"HFTOT","All financing schemes","HCTOT","Current expenditure on health (all functions)","HPTOT","All providers","PPPPER","Per capita, current prices, current PPPs","GBR","United Kingdom","2018","2018","USD","US Dollar","0","Units",,,4188.275,,
"HFTOT","All financing schemes","HCTOT","Current expenditure on health (all functions)","HPTOT","All providers","PPPPER","Per capita, current prices, current PPPs","GBR","United Kingdom","2019","2019","USD","US Dollar","0","Units",,,4389.038,,
"HFTOT","All financing schemes","HCTOT","Current expenditure on health (all functions)","HPTOT","All providers","PPPPER","Per capita, current prices, current PPPs","GBR","United Kingdom","2020","2020","USD","US Dollar","0","Units",,,4997.928,,
"HFTOT","All financing schemes","HCTOT","Current expenditure on health (all functions)","HPTOT","All providers","PPPPER","Per capita, current prices, current PPPs","GBR","United Kingdom","2021","2021","USD","US Dollar","0","Units",,,5466.568,,
"HFTOT","All financing schemes","HCTOT","Current expenditure on health (all functions)","HPTOT","All providers","PPPPER","Per capita, current prices, current PPPs","GBR","United Kingdom","2022","2022","USD","US Dollar","0","Units",,,5492.642,"P","Provisional value"
"HFTOT","All financing schemes","HCTOT","Current expenditure on health (all functions)","HPTOT","All providers","PPPPER","Per capita, current prices, current PPPs","ISL","Iceland","2015","2015","USD","US Dollar","0","Units",,,3733.352,,
"HFTOT","All financing schemes","HCTOT","Current expenditure on health (all functions)","HPTOT","All providers","PPPPER","Per capita, current prices, current PPPs","ISL","Iceland","2016","2016","USD","US Dollar","0","Units",,,3932.095,,
"HFTOT","All financing schemes","HCTOT","Current expenditure on health (all functions)","HPTOT","All providers","PPPPER","Per capita, current prices, current PPPs","ISL","Iceland","2017","2017","USD","US Dollar","0","Units",,,4111.255,,
"HFTOT","All financing schemes","HCTOT","Current expenditure on health (all functions)","HPTOT","All providers","PPPPER","Per capita, current prices, current PPPs","ISL","Iceland","2018","2018","USD","US Dollar","0","Units",,,4235.661,,
"HFTOT","All financing schemes","HCTOT","Current expenditure on health (all functions)","HPTOT","All providers","PPPPER","Per capita, current prices, current PPPs","ISL","Iceland","2019","2019","USD","US Dollar","0","Units",,,4318.27,,
"HFTOT","All financing schemes","HCTOT","Current expenditure on health (all functions)","HPTOT","All providers","PPPPER","Per capita, current prices, current PPPs","ISL","Iceland","2020","2020","USD","US Dollar","0","Units",,,4632.283,,
"HFTOT","All financing schemes","HCTOT","Current expenditure on health (all functions)","HPTOT","All providers","PPPPER","Per capita, current prices, current PPPs","ISL","Iceland","2021","2021","USD","US Dollar","0","Units",,,5106.541,,
"HFTOT","All financing schemes","HCTOT","Current expenditure on health (all functions)","HPTOT","All providers","PPPPER","Per capita, current prices, current PPPs","ISL","Iceland","2022","2022","USD","US Dollar","0","Units",,,5314.11,"P","Provisional value"
"HFTOT","All financing schemes","HCTOT","Current expenditure on health (all functions)","HPTOT","All providers","PPPPER","Per capita, current prices, current PPPs","GRC","Greece","2015","2015","USD","US Dollar","0","Units",,,2122.934,,
"HFTOT","All financing schemes","HCTOT","Current expenditure on health (all functions)","HPTOT","All providers","PPPPER","Per capita, current prices, current PPPs","GRC","Greece","2016","2016","USD","US Dollar","0","Units",,,2258.26,,
"HFTOT","All financing schemes","HCTOT","Current expenditure on health (all functions)","HPTOT","All providers","PPPPER","Per capita, current prices, current PPPs","GRC","Greece","2017","2017","USD","US Dollar","0","Units",,,2250.844,,
"HFTOT","All financing schemes","HCTOT","Current expenditure on health (all functions)","HPTOT","All providers","PPPPER","Per capita, current prices, current PPPs","GRC","Greece","2018","2018","USD","US Dollar","0","Units",,,2314.696,,
"HFTOT","All financing schemes","HCTOT","Current expenditure on health (all functions)","HPTOT","All providers","PPPPER","Per capita, current prices, current PPPs","GRC","Greece","2019","2019","USD","US Dollar","0","Units",,,2349.574,,
"HFTOT","All financing schemes","HCTOT","Current expenditure on health (all functions)","HPTOT","All providers","PPPPER","Per capita, current prices, current PPPs","GRC","Greece","2020","2020","USD","US Dollar","0","Units",,,2486.091,,
"HFTOT","All financing schemes","HCTOT","Current expenditure on health (all functions)","HPTOT","All providers","PPPPER","Per capita, current prices, current PPPs","GRC","Greece","2021","2021","USD","US Dollar","0","Units",,,2736.445,,
"HFTOT","All financing schemes","HCTOT","Current expenditure on health (all functions)","HPTOT","All providers","PPPPER","Per capita, current prices, current PPPs","GRC","Greece","2022","2022","USD","US Dollar","0","Units",,,3015.251,"E","Estimated value"
"HFTOT","All financing schemes","HCTOT","Current expenditure on health (all functions)","HPTOT","All providers","PPPPER","Per capita, current prices, current PPPs","LTU","Lithuania","2015","2015","USD","US Dollar","0","Units",,,1917.088,,
"HFTOT","All financing schemes","HCTOT","Current expenditure on health (all functions)","HPTOT","All providers","PPPPER","Per capita, current prices, current PPPs","LTU","Lithuania","2016","2016","USD","US Dollar","0","Units",,,2097.796,,
"HFTOT","All financing schemes","HCTOT","Current expenditure on health (all functions)","HPTOT","All providers","PPPPER","Per capita, current prices, current PPPs","LTU","Lithuania","2017","2017","USD","US Dollar","0","Units",,,2230.97,,
"HFTOT","All financing schemes","HCTOT","Current expenditure on health (all functions)","HPTOT","All providers","PPPPER","Per capita, current prices, current PPPs","LTU","Lithuania","2018","2018","USD","US Dollar","0","Units",,,2396.809,,
"HFTOT","All financing schemes","HCTOT","Current expenditure on health (all functions)","HPTOT","All providers","PPPPER","Per capita, current prices, current PPPs","LTU","Lithuania","2019","2019","USD","US Dollar","0","Units",,,2682.067,,
"HFTOT","All financing schemes","HCTOT","Current expenditure on health (all functions)","HPTOT","All providers","PPPPER","Per capita, current prices, current PPPs","LTU","Lithuania","2020","2020","USD","US Dollar","0","Units",,,2878.482,,
"HFTOT","All financing schemes","HCTOT","Current expenditure on health (all functions)","HPTOT","All providers","PPPPER","Per capita, current prices, current PPPs","LTU","Lithuania","2021","2021","USD","US Dollar","0","Units",,,3336.477,,
"HFTOT","All financing schemes","HCTOT","Current expenditure on health (all functions)","HPTOT","All providers","PPPPER","Per capita, current prices, current PPPs","LTU","Lithuania","2022","2022","USD","US Dollar","0","Units",,,3587.327,"P","Provisional value"
"HFTOT","All financing schemes","HCTOT","Current expenditure on health (all functions)","HPTOT","All providers","PPPPER","Per capita, current prices, current PPPs","ITA","Italy","2015","2015","USD","US Dollar","0","Units",,,3088.931,,
"HFTOT","All financing schemes","HCTOT","Current expenditure on health (all functions)","HPTOT","All providers","PPPPER","Per capita, current prices, current PPPs","ITA","Italy","2016","2016","USD","US Dollar","0","Units",,,3274.024,,
"HFTOT","All financing schemes","HCTOT","Current expenditure on health (all functions)","HPTOT","All providers","PPPPER","Per capita, current prices, current PPPs","ITA","Italy","2017","2017","USD","US Dollar","0","Units",,,3376.084,,
"HFTOT","All financing schemes","HCTOT","Current expenditure on health (all functions)","HPTOT","All providers","PPPPER","Per capita, current prices, current PPPs","ITA","Italy","2018","2018","USD","US Dollar","0","Units",,,3495.868,,
"HFTOT","All financing schemes","HCTOT","Current expenditure on health (all functions)","HPTOT","All providers","PPPPER","Per capita, current prices, current PPPs","ITA","Italy","2019","2019","USD","US Dollar","0","Units",,,3565.324,,
"HFTOT","All financing schemes","HCTOT","Current expenditure on health (all functions)","HPTOT","All providers","PPPPER","Per capita, current prices, current PPPs","ITA","Italy","2020","2020","USD","US Dollar","0","Units",,,3753.088,,
"HFTOT","All financing schemes","HCTOT","Current expenditure on health (all functions)","HPTOT","All providers","PPPPER","Per capita, current prices, current PPPs","ITA","Italy","2021","2021","USD","US Dollar","0","Units",,,4042.558,,
"HFTOT","All financing schemes","HCTOT","Current expenditure on health (all functions)","HPTOT","All providers","PPPPER","Per capita, current prices, current PPPs","ITA","Italy","2022","2022","USD","US Dollar","0","Units",,,4290.689,"P","Provisional value"
"HFTOT","All financing schemes","HCTOT","Current expenditure on health (all functions)","HPTOT","All providers","PPPPER","Per capita, current prices, current PPPs","LUX","Luxembourg","2015","2015","USD","US Dollar","0","Units",,,4692.311,,
"HFTOT","All financing schemes","HCTOT","Current expenditure on health (all functions)","HPTOT","All providers","PPPPER","Per capita, current prices, current PPPs","LUX","Luxembourg","2016","2016","USD","US Dollar","0","Units",,,4876.34,,
"HFTOT","All financing schemes","HCTOT","Current expenditure on health (all functions)","HPTOT","All providers","PPPPER","Per capita, current prices, current PPPs","LUX","Luxembourg","2017","2017","USD","US Dollar","0","Units",,,4989.031,,
"HFTOT","All financing schemes","HCTOT","Current expenditure on health (all functions)","HPTOT","All providers","PPPPER","Per capita, current prices, current PPPs","LUX","Luxembourg","2018","2018","USD","US Dollar","0","Units",,,5292.055,,
"HFTOT","All financing schemes","HCTOT","Current expenditure on health (all functions)","HPTOT","All providers","PPPPER","Per capita, current prices, current PPPs","LUX","Luxembourg","2019","2019","USD","US Dollar","0","Units",,,5379.663,,
"HFTOT","All financing schemes","HCTOT","Current expenditure on health (all functions)","HPTOT","All providers","PPPPER","Per capita, current prices, current PPPs","LUX","Luxembourg","2020","2020","USD","US Dollar","0","Units",,,5652.538,,
"HFTOT","All financing schemes","HCTOT","Current expenditure on health (all functions)","HPTOT","All providers","PPPPER","Per capita, current prices, current PPPs","LUX","Luxembourg","2021","2021","USD","US Dollar","0","Units",,,6273.571,,
"HFTOT","All financing schemes","HCTOT","Current expenditure on health (all functions)","HPTOT","All providers","PPPPER","Per capita, current prices, current PPPs","LUX","Luxembourg","2022","2022","USD","US Dollar","0","Units",,,6436.062,"P","Provisional value"
"HFTOT","All financing schemes","HCTOT","Current expenditure on health (all functions)","HPTOT","All providers","PPPPER","Per capita, current prices, current PPPs","LVA","Latvia","2015","2015","USD","US Dollar","0","Units",,,1404.655,,
"HFTOT","All financing schemes","HCTOT","Current expenditure on health (all functions)","HPTOT","All providers","PPPPER","Per capita, current prices, current PPPs","LVA","Latvia","2016","2016","USD","US Dollar","0","Units",,,1613.805,,
"HFTOT","All financing schemes","HCTOT","Current expenditure on health (all functions)","HPTOT","All providers","PPPPER","Per capita, current prices, current PPPs","LVA","Latvia","2017","2017","USD","US Dollar","0","Units",,,1676.419,,
"HFTOT","All financing schemes","HCTOT","Current expenditure on health (all functions)","HPTOT","All providers","PPPPER","Per capita, current prices, current PPPs","LVA","Latvia","2018","2018","USD","US Dollar","0","Units",,,1860.969,,
"HFTOT","All financing schemes","HCTOT","Current expenditure on health (all functions)","HPTOT","All providers","PPPPER","Per capita, current prices, current PPPs","LVA","Latvia","2019","2019","USD","US Dollar","0","Units",,,2025.57,,
"HFTOT","All financing schemes","HCTOT","Current expenditure on health (all functions)","HPTOT","All providers","PPPPER","Per capita, current prices, current PPPs","LVA","Latvia","2020","2020","USD","US Dollar","0","Units",,,2227.896,,
"HFTOT","All financing schemes","HCTOT","Current expenditure on health (all functions)","HPTOT","All providers","PPPPER","Per capita, current prices, current PPPs","LVA","Latvia","2021","2021","USD","US Dollar","0","Units",,,3121.643,,
"HFTOT","All financing schemes","HCTOT","Current expenditure on health (all functions)","HPTOT","All providers","PPPPER","Per capita, current prices, current PPPs","LVA","Latvia","2022","2022","USD","US Dollar","0","Units",,,3445.296,"E","Estimated value"
"HFTOT","All financing schemes","HCTOT","Current expenditure on health (all functions)","HPTOT","All providers","PPPPER","Per capita, current prices, current PPPs","ISR","Israel","2015","2015","USD","US Dollar","0","Units",,,2310.019,,
"HFTOT","All financing schemes","HCTOT","Current expenditure on health (all functions)","HPTOT","All providers","PPPPER","Per capita, current prices, current PPPs","ISR","Israel","2016","2016","USD","US Dollar","0","Units",,,2524.083,,
"HFTOT","All financing schemes","HCTOT","Current expenditure on health (all functions)","HPTOT","All providers","PPPPER","Per capita, current prices, current PPPs","ISR","Israel","2017","2017","USD","US Dollar","0","Units",,,2626.181,,
"HFTOT","All financing schemes","HCTOT","Current expenditure on health (all functions)","HPTOT","All providers","PPPPER","Per capita, current prices, current PPPs","ISR","Israel","2018","2018","USD","US Dollar","0","Units",,,2748.975,,
"HFTOT","All financing schemes","HCTOT","Current expenditure on health (all functions)","HPTOT","All providers","PPPPER","Per capita, current prices, current PPPs","ISR","Israel","2019","2019","USD","US Dollar","0","Units",,,2709.984,,
"HFTOT","All financing schemes","HCTOT","Current expenditure on health (all functions)","HPTOT","All providers","PPPPER","Per capita, current prices, current PPPs","ISR","Israel","2020","2020","USD","US Dollar","0","Units",,,2875.281,"P","Provisional value"
"HFTOT","All financing schemes","HCTOT","Current expenditure on health (all functions)","HPTOT","All providers","PPPPER","Per capita, current prices, current PPPs","ISR","Israel","2021","2021","USD","US Dollar","0","Units",,,3258.018,"B; D; P","Break; Difference in methodology; Provisional value"
"HFTOT","All financing schemes","HCTOT","Current expenditure on health (all functions)","HPTOT","All providers","PPPPER","Per capita, current prices, current PPPs","ISR","Israel","2022","2022","USD","US Dollar","0","Units",,,3444.392,"E","Estimated value"
"HFTOT","All financing schemes","HCTOT","Current expenditure on health (all functions)","HPTOT","All providers","PPPPER","Per capita, current prices, current PPPs","MEX","Mexico","2015","2015","USD","US Dollar","0","Units",,,1062.591,,
"HFTOT","All financing schemes","HCTOT","Current expenditure on health (all functions)","HPTOT","All providers","PPPPER","Per capita, current prices, current PPPs","MEX","Mexico","2016","2016","USD","US Dollar","0","Units",,,1102.809,,
"HFTOT","All financing schemes","HCTOT","Current expenditure on health (all functions)","HPTOT","All providers","PPPPER","Per capita, current prices, current PPPs","MEX","Mexico","2017","2017","USD","US Dollar","0","Units",,,1099.647,,
"HFTOT","All financing schemes","HCTOT","Current expenditure on health (all functions)","HPTOT","All providers","PPPPER","Per capita, current prices, current PPPs","MEX","Mexico","2018","2018","USD","US Dollar","0","Units",,,1122.178,,
"HFTOT","All financing schemes","HCTOT","Current expenditure on health (all functions)","HPTOT","All providers","PPPPER","Per capita, current prices, current PPPs","MEX","Mexico","2019","2019","USD","US Dollar","0","Units",,,1117.235,,
"HFTOT","All financing schemes","HCTOT","Current expenditure on health (all functions)","HPTOT","All providers","PPPPER","Per capita, current prices, current PPPs","MEX","Mexico","2020","2020","USD","US Dollar","0","Units",,,1226.606,,
"HFTOT","All financing schemes","HCTOT","Current expenditure on health (all functions)","HPTOT","All providers","PPPPER","Per capita, current prices, current PPPs","MEX","Mexico","2021","2021","USD","US Dollar","0","Units",,,1262.436,,
"HFTOT","All financing schemes","HCTOT","Current expenditure on health (all functions)","HPTOT","All providers","PPPPER","Per capita, current prices, current PPPs","MEX","Mexico","2022","2022","USD","US Dollar","0","Units",,,1181.041,"E","Estimated value"
"HFTOT","All financing schemes","HCTOT","Current expenditure on health (all functions)","HPTOT","All providers","PPPPER","Per capita, current prices, current PPPs","NLD","Netherlands","2015","2015","USD","US Dollar","0","Units",,,4927.104,,
"HFTOT","All financing schemes","HCTOT","Current expenditure on health (all functions)","HPTOT","All providers","PPPPER","Per capita, current prices, current PPPs","NLD","Netherlands","2016","2016","USD","US Dollar","0","Units",,,5095.836,,
"HFTOT","All financing schemes","HCTOT","Current expenditure on health (all functions)","HPTOT","All providers","PPPPER","Per capita, current prices, current PPPs","NLD","Netherlands","2017","2017","USD","US Dollar","0","Units",,,5253.774,,
"HFTOT","All financing schemes","HCTOT","Current expenditure on health (all functions)","HPTOT","All providers","PPPPER","Per capita, current prices, current PPPs","NLD","Netherlands","2018","2018","USD","US Dollar","0","Units",,,5482.27,,
"HFTOT","All financing schemes","HCTOT","Current expenditure on health (all functions)","HPTOT","All providers","PPPPER","Per capita, current prices, current PPPs","NLD","Netherlands","2019","2019","USD","US Dollar","0","Units",,,5643.59,,
"HFTOT","All financing schemes","HCTOT","Current expenditure on health (all functions)","HPTOT","All providers","PPPPER","Per capita, current prices, current PPPs","NLD","Netherlands","2020","2020","USD","US Dollar","0","Units",,,6192.982,,
"HFTOT","All financing schemes","HCTOT","Current expenditure on health (all functions)","HPTOT","All providers","PPPPER","Per capita, current prices, current PPPs","NLD","Netherlands","2021","2021","USD","US Dollar","0","Units",,,6739.052,,
"HFTOT","All financing schemes","HCTOT","Current expenditure on health (all functions)","HPTOT","All providers","PPPPER","Per capita, current prices, current PPPs","NLD","Netherlands","2022","2022","USD","US Dollar","0","Units",,,6729.134,"P","Provisional value"
"HFTOT","All financing schemes","HCTOT","Current expenditure on health (all functions)","HPTOT","All providers","PPPPER","Per capita, current prices, current PPPs","POL","Poland","2015","2015","USD","US Dollar","0","Units",,,1818.883,,
"HFTOT","All financing schemes","HCTOT","Current expenditure on health (all functions)","HPTOT","All providers","PPPPER","Per capita, current prices, current PPPs","POL","Poland","2016","2016","USD","US Dollar","0","Units",,,1959.094,,
"HFTOT","All financing schemes","HCTOT","Current expenditure on health (all functions)","HPTOT","All providers","PPPPER","Per capita, current prices, current PPPs","POL","Poland","2017","2017","USD","US Dollar","0","Units",,,2062.735,,
"HFTOT","All financing schemes","HCTOT","Current expenditure on health (all functions)","HPTOT","All providers","PPPPER","Per capita, current prices, current PPPs","POL","Poland","2018","2018","USD","US Dollar","0","Units",,,2106.662,,
"HFTOT","All financing schemes","HCTOT","Current expenditure on health (all functions)","HPTOT","All providers","PPPPER","Per capita, current prices, current PPPs","POL","Poland","2019","2019","USD","US Dollar","0","Units",,,2232.347,,
"HFTOT","All financing schemes","HCTOT","Current expenditure on health (all functions)","HPTOT","All providers","PPPPER","Per capita, current prices, current PPPs","POL","Poland","2020","2020","USD","US Dollar","0","Units",,,2286.109,,
"HFTOT","All financing schemes","HCTOT","Current expenditure on health (all functions)","HPTOT","All providers","PPPPER","Per capita, current prices, current PPPs","POL","Poland","2021","2021","USD","US Dollar","0","Units",,,2522.435,,
"HFTOT","All financing schemes","HCTOT","Current expenditure on health (all functions)","HPTOT","All providers","PPPPER","Per capita, current prices, current PPPs","POL","Poland","2022","2022","USD","US Dollar","0","Units",,,2972.962,"P","Provisional value"
"HFTOT","All financing schemes","HCTOT","Current expenditure on health (all functions)","HPTOT","All providers","PPPPER","Per capita, current prices, current PPPs","PRT","Portugal","2015","2015","USD","US Dollar","0","Units",,,2635.561,,
"HFTOT","All financing schemes","HCTOT","Current expenditure on health (all functions)","HPTOT","All providers","PPPPER","Per capita, current prices, current PPPs","PRT","Portugal","2016","2016","USD","US Dollar","0","Units",,,2815.177,,
"HFTOT","All financing schemes","HCTOT","Current expenditure on health (all functions)","HPTOT","All providers","PPPPER","Per capita, current prices, current PPPs","PRT","Portugal","2017","2017","USD","US Dollar","0","Units",,,2906.395,,
"HFTOT","All financing schemes","HCTOT","Current expenditure on health (all functions)","HPTOT","All providers","PPPPER","Per capita, current prices, current PPPs","PRT","Portugal","2018","2018","USD","US Dollar","0","Units",,,3134.128,,
"HFTOT","All financing schemes","HCTOT","Current expenditure on health (all functions)","HPTOT","All providers","PPPPER","Per capita, current prices, current PPPs","PRT","Portugal","2019","2019","USD","US Dollar","0","Units",,,3223.676,,
"HFTOT","All financing schemes","HCTOT","Current expenditure on health (all functions)","HPTOT","All providers","PPPPER","Per capita, current prices, current PPPs","PRT","Portugal","2020","2020","USD","US Dollar","0","Units",,,3354.909,,
"HFTOT","All financing schemes","HCTOT","Current expenditure on health (all functions)","HPTOT","All providers","PPPPER","Per capita, current prices, current PPPs","PRT","Portugal","2021","2021","USD","US Dollar","0","Units",,,3829.76,,
"HFTOT","All financing schemes","HCTOT","Current expenditure on health (all functions)","HPTOT","All providers","PPPPER","Per capita, current prices, current PPPs","PRT","Portugal","2022","2022","USD","US Dollar","0","Units",,,4162.088,"P","Provisional value"
"HFTOT","All financing schemes","HCTOT","Current expenditure on health (all functions)","HPTOT","All providers","PPPPER","Per capita, current prices, current PPPs","SVK","Slovak Republic","2015","2015","USD","US Dollar","0","Units",,,2059.132,,
"HFTOT","All financing schemes","HCTOT","Current expenditure on health (all functions)","HPTOT","All providers","PPPPER","Per capita, current prices, current PPPs","SVK","Slovak Republic","2016","2016","USD","US Dollar","0","Units",,,2039.611,,
"HFTOT","All financing schemes","HCTOT","Current expenditure on health (all functions)","HPTOT","All providers","PPPPER","Per capita, current prices, current PPPs","SVK","Slovak Republic","2017","2017","USD","US Dollar","0","Units",,,1974.466,,
"HFTOT","All financing schemes","HCTOT","Current expenditure on health (all functions)","HPTOT","All providers","PPPPER","Per capita, current prices, current PPPs","SVK","Slovak Republic","2018","2018","USD","US Dollar","0","Units",,,2008.975,,
"HFTOT","All financing schemes","HCTOT","Current expenditure on health (all functions)","HPTOT","All providers","PPPPER","Per capita, current prices, current PPPs","SVK","Slovak Republic","2019","2019","USD","US Dollar","0","Units",,,2115.452,,
"HFTOT","All financing schemes","HCTOT","Current expenditure on health (all functions)","HPTOT","All providers","PPPPER","Per capita, current prices, current PPPs","SVK","Slovak Republic","2020","2020","USD","US Dollar","0","Units",,,2125.666,,
"HFTOT","All financing schemes","HCTOT","Current expenditure on health (all functions)","HPTOT","All providers","PPPPER","Per capita, current prices, current PPPs","SVK","Slovak Republic","2021","2021","USD","US Dollar","0","Units",,,2521.59,,
"HFTOT","All financing schemes","HCTOT","Current expenditure on health (all functions)","HPTOT","All providers","PPPPER","Per capita, current prices, current PPPs","SVK","Slovak Republic","2022","2022","USD","US Dollar","0","Units",,,2755.944,"E","Estimated value"
"HFTOT","All financing schemes","HCTOT","Current expenditure on health (all functions)","HPTOT","All providers","PPPPER","Per capita, current prices, current PPPs","SVN","Slovenia","2015","2015","USD","US Dollar","0","Units",,,2579.281,,
"HFTOT","All financing schemes","HCTOT","Current expenditure on health (all functions)","HPTOT","All providers","PPPPER","Per capita, current prices, current PPPs","SVN","Slovenia","2016","2016","USD","US Dollar","0","Units",,,2738.221,,
"HFTOT","All financing schemes","HCTOT","Current expenditure on health (all functions)","HPTOT","All providers","PPPPER","Per capita, current prices, current PPPs","SVN","Slovenia","2017","2017","USD","US Dollar","0","Units",,,2832.649,,
"HFTOT","All financing schemes","HCTOT","Current expenditure on health (all functions)","HPTOT","All providers","PPPPER","Per capita, current prices, current PPPs","SVN","Slovenia","2018","2018","USD","US Dollar","0","Units",,,3045.106,,
"HFTOT","All financing schemes","HCTOT","Current expenditure on health (all functions)","HPTOT","All providers","PPPPER","Per capita, current prices, current PPPs","SVN","Slovenia","2019","2019","USD","US Dollar","0","Units",,,3221.895,,
"HFTOT","All financing schemes","HCTOT","Current expenditure on health (all functions)","HPTOT","All providers","PPPPER","Per capita, current prices, current PPPs","SVN","Slovenia","2020","2020","USD","US Dollar","0","Units",,,3474.147,,
"HFTOT","All financing schemes","HCTOT","Current expenditure on health (all functions)","HPTOT","All providers","PPPPER","Per capita, current prices, current PPPs","SVN","Slovenia","2021","2021","USD","US Dollar","0","Units",,,3884.819,,
"HFTOT","All financing schemes","HCTOT","Current expenditure on health (all functions)","HPTOT","All providers","PPPPER","Per capita, current prices, current PPPs","SVN","Slovenia","2022","2022","USD","US Dollar","0","Units",,,4113.818,"P","Provisional value"
"HFTOT","All financing schemes","HCTOT","Current expenditure on health (all functions)","HPTOT","All providers","PPPPER","Per capita, current prices, current PPPs","SWE","Sweden","2015","2015","USD","US Dollar","0","Units",,,5004.13,,
"HFTOT","All financing schemes","HCTOT","Current expenditure on health (all functions)","HPTOT","All providers","PPPPER","Per capita, current prices, current PPPs","SWE","Sweden","2016","2016","USD","US Dollar","0","Units",,,5127.577,,
"HFTOT","All financing schemes","HCTOT","Current expenditure on health (all functions)","HPTOT","All providers","PPPPER","Per capita, current prices, current PPPs","SWE","Sweden","2017","2017","USD","US Dollar","0","Units",,,5219.411,,
"HFTOT","All financing schemes","HCTOT","Current expenditure on health (all functions)","HPTOT","All providers","PPPPER","Per capita, current prices, current PPPs","SWE","Sweden","2018","2018","USD","US Dollar","0","Units",,,5419.273,,
"HFTOT","All financing schemes","HCTOT","Current expenditure on health (all functions)","HPTOT","All providers","PPPPER","Per capita, current prices, current PPPs","SWE","Sweden","2019","2019","USD","US Dollar","0","Units",,,5387.733,,
"HFTOT","All financing schemes","HCTOT","Current expenditure on health (all functions)","HPTOT","All providers","PPPPER","Per capita, current prices, current PPPs","SWE","Sweden","2020","2020","USD","US Dollar","0","Units",,,5733.534,,
"HFTOT","All financing schemes","HCTOT","Current expenditure on health (all functions)","HPTOT","All providers","PPPPER","Per capita, current prices, current PPPs","SWE","Sweden","2021","2021","USD","US Dollar","0","Units",,,6227.612,"P","Provisional value"
"HFTOT","All financing schemes","HCTOT","Current expenditure on health (all functions)","HPTOT","All providers","PPPPER","Per capita, current prices, current PPPs","SWE","Sweden","2022","2022","USD","US Dollar","0","Units",,,6437.692,"P","Provisional value"
"HFTOT","All financing schemes","HCTOT","Current expenditure on health (all functions)","HPTOT","All providers","PPPPER","Per capita, current prices, current PPPs","KOR","Korea","2015","2015","USD","US Dollar","0","Units",,,2465.926,,
"HFTOT","All financing schemes","HCTOT","Current expenditure on health (all functions)","HPTOT","All providers","PPPPER","Per capita, current prices, current PPPs","KOR","Korea","2016","2016","USD","US Dollar","0","Units",,,2645.637,,
"HFTOT","All financing schemes","HCTOT","Current expenditure on health (all functions)","HPTOT","All providers","PPPPER","Per capita, current prices, current PPPs","KOR","Korea","2017","2017","USD","US Dollar","0","Units",,,2787.255,,
"HFTOT","All financing schemes","HCTOT","Current expenditure on health (all functions)","HPTOT","All providers","PPPPER","Per capita, current prices, current PPPs","KOR","Korea","2018","2018","USD","US Dollar","0","Units",,,3067.115,,
"HFTOT","All financing schemes","HCTOT","Current expenditure on health (all functions)","HPTOT","All providers","PPPPER","Per capita, current prices, current PPPs","KOR","Korea","2019","2019","USD","US Dollar","0","Units",,,3290.825,,
"HFTOT","All financing schemes","HCTOT","Current expenditure on health (all functions)","HPTOT","All providers","PPPPER","Per capita, current prices, current PPPs","KOR","Korea","2020","2020","USD","US Dollar","0","Units",,,3590.183,,
"HFTOT","All financing schemes","HCTOT","Current expenditure on health (all functions)","HPTOT","All providers","PPPPER","Per capita, current prices, current PPPs","KOR","Korea","2021","2021","USD","US Dollar","0","Units",,,4189.091,,
"HFTOT","All financing schemes","HCTOT","Current expenditure on health (all functions)","HPTOT","All providers","PPPPER","Per capita, current prices, current PPPs","KOR","Korea","2022","2022","USD","US Dollar","0","Units",,,4569.508,"P","Provisional value"
"HFTOT","All financing schemes","HCTOT","Current expenditure on health (all functions)","HPTOT","All providers","PPPPER","Per capita, current prices, current PPPs","TUR","Türkiye","2015","2015","USD","US Dollar","0","Units",,,1040.108,,
"HFTOT","All financing schemes","HCTOT","Current expenditure on health (all functions)","HPTOT","All providers","PPPPER","Per capita, current prices, current PPPs","TUR","Türkiye","2016","2016","USD","US Dollar","0","Units",,,1128.754,,
"HFTOT","All financing schemes","HCTOT","Current expenditure on health (all functions)","HPTOT","All providers","PPPPER","Per capita, current prices, current PPPs","TUR","Türkiye","2017","2017","USD","US Dollar","0","Units",,,1175.655,,
"HFTOT","All financing schemes","HCTOT","Current expenditure on health (all functions)","HPTOT","All providers","PPPPER","Per capita, current prices, current PPPs","TUR","Türkiye","2018","2018","USD","US Dollar","0","Units",,,1205.305,,
"HFTOT","All financing schemes","HCTOT","Current expenditure on health (all functions)","HPTOT","All providers","PPPPER","Per capita, current prices, current PPPs","TUR","Türkiye","2019","2019","USD","US Dollar","0","Units",,,1231.634,,
"HFTOT","All financing schemes","HCTOT","Current expenditure on health (all functions)","HPTOT","All providers","PPPPER","Per capita, current prices, current PPPs","TUR","Türkiye","2020","2020","USD","US Dollar","0","Units",,,1304.709,,
"HFTOT","All financing schemes","HCTOT","Current expenditure on health (all functions)","HPTOT","All providers","PPPPER","Per capita, current prices, current PPPs","TUR","Türkiye","2021","2021","USD","US Dollar","0","Units",,,1559.535,,
"HFTOT","All financing schemes","HCTOT","Current expenditure on health (all functions)","HPTOT","All providers","PPPPER","Per capita, current prices, current PPPs","TUR","Türkiye","2022","2022","USD","US Dollar","0","Units",,,1827.482,"E","Estimated value"
"HFTOT","All financing schemes","HCTOT","Current expenditure on health (all functions)","HPTOT","All providers","PPPPER","Per capita, current prices, current PPPs","USA","United States","2015","2015","USD","US Dollar","0","Units",,,9360.496,,
"HFTOT","All financing schemes","HCTOT","Current expenditure on health (all functions)","HPTOT","All providers","PPPPER","Per capita, current prices, current PPPs","USA","United States","2016","2016","USD","US Dollar","0","Units",,,9722.862,,
"HFTOT","All financing schemes","HCTOT","Current expenditure on health (all functions)","HPTOT","All providers","PPPPER","Per capita, current prices, current PPPs","USA","United States","2017","2017","USD","US Dollar","0","Units",,,10045.033,,
"HFTOT","All financing schemes","HCTOT","Current expenditure on health (all functions)","HPTOT","All providers","PPPPER","Per capita, current prices, current PPPs","USA","United States","2018","2018","USD","US Dollar","0","Units",,,10447.293,,
"HFTOT","All financing schemes","HCTOT","Current expenditure on health (all functions)","HPTOT","All providers","PPPPER","Per capita, current prices, current PPPs","USA","United States","2019","2019","USD","US Dollar","0","Units",,,10852.838,,
"HFTOT","All financing schemes","HCTOT","Current expenditure on health (all functions)","HPTOT","All providers","PPPPER","Per capita, current prices, current PPPs","USA","United States","2020","2020","USD","US Dollar","0","Units",,,11915.945,,
"HFTOT","All financing schemes","HCTOT","Current expenditure on health (all functions)","HPTOT","All providers","PPPPER","Per capita, current prices, current PPPs","USA","United States","2021","2021","USD","US Dollar","0","Units",,,12196.966,,
"HFTOT","All financing schemes","HCTOT","Current expenditure on health (all functions)","HPTOT","All providers","PPPPER","Per capita, current prices, current PPPs","USA","United States","2022","2022","USD","US Dollar","0","Units",,,12555.264,"E","Estimated value"
"HFTOT","All financing schemes","HCTOT","Current expenditure on health (all functions)","HPTOT","All providers","PPPPER","Per capita, current prices, current PPPs","NOR","Norway","2015","2015","USD","US Dollar","0","Units",,,5726.877,,
"HFTOT","All financing schemes","HCTOT","Current expenditure on health (all functions)","HPTOT","All providers","PPPPER","Per capita, current prices, current PPPs","NOR","Norway","2016","2016","USD","US Dollar","0","Units",,,5904.222,,
"HFTOT","All financing schemes","HCTOT","Current expenditure on health (all functions)","HPTOT","All providers","PPPPER","Per capita, current prices, current PPPs","NOR","Norway","2017","2017","USD","US Dollar","0","Units",,,6234.379,,
"HFTOT","All financing schemes","HCTOT","Current expenditure on health (all functions)","HPTOT","All providers","PPPPER","Per capita, current prices, current PPPs","NOR","Norway","2018","2018","USD","US Dollar","0","Units",,,6495.078,,
"HFTOT","All financing schemes","HCTOT","Current expenditure on health (all functions)","HPTOT","All providers","PPPPER","Per capita, current prices, current PPPs","NOR","Norway","2019","2019","USD","US Dollar","0","Units",,,6476.378,,
"HFTOT","All financing schemes","HCTOT","Current expenditure on health (all functions)","HPTOT","All providers","PPPPER","Per capita, current prices, current PPPs","NOR","Norway","2020","2020","USD","US Dollar","0","Units",,,6581.629,,
"HFTOT","All financing schemes","HCTOT","Current expenditure on health (all functions)","HPTOT","All providers","PPPPER","Per capita, current prices, current PPPs","NOR","Norway","2021","2021","USD","US Dollar","0","Units",,,7042.618,"P","Provisional value"
"HFTOT","All financing schemes","HCTOT","Current expenditure on health (all functions)","HPTOT","All providers","PPPPER","Per capita, current prices, current PPPs","NOR","Norway","2022","2022","USD","US Dollar","0","Units",,,7771.165,"E","Estimated value"
"HFTOT","All financing schemes","HCTOT","Current expenditure on health (all functions)","HPTOT","All providers","PPPPER","Per capita, current prices, current PPPs","JPN","Japan","2015","2015","USD","US Dollar","0","Units",,,4515.556,,
"HFTOT","All financing schemes","HCTOT","Current expenditure on health (all functions)","HPTOT","All providers","PPPPER","Per capita, current prices, current PPPs","JPN","Japan","2016","2016","USD","US Dollar","0","Units",,,4295.858,,
"HFTOT","All financing schemes","HCTOT","Current expenditure on health (all functions)","HPTOT","All providers","PPPPER","Per capita, current prices, current PPPs","JPN","Japan","2017","2017","USD","US Dollar","0","Units",,,4412.852,,
"HFTOT","All financing schemes","HCTOT","Current expenditure on health (all functions)","HPTOT","All providers","PPPPER","Per capita, current prices, current PPPs","JPN","Japan","2018","2018","USD","US Dollar","0","Units",,,4554.276,,
"HFTOT","All financing schemes","HCTOT","Current expenditure on health (all functions)","HPTOT","All providers","PPPPER","Per capita, current prices, current PPPs","JPN","Japan","2019","2019","USD","US Dollar","0","Units",,,4610.794,,
"HFTOT","All financing schemes","HCTOT","Current expenditure on health (all functions)","HPTOT","All providers","PPPPER","Per capita, current prices, current PPPs","JPN","Japan","2020","2020","USD","US Dollar","0","Units",,,4619.518,,
"HFTOT","All financing schemes","HCTOT","Current expenditure on health (all functions)","HPTOT","All providers","PPPPER","Per capita, current prices, current PPPs","JPN","Japan","2021","2021","USD","US Dollar","0","Units",,,4899.088,"P","Provisional value"
"HFTOT","All financing schemes","HCTOT","Current expenditure on health (all functions)","HPTOT","All providers","PPPPER","Per capita, current prices, current PPPs","JPN","Japan","2022","2022","USD","US Dollar","0","Units",,,5250.603,"E","Estimated value"
"HFTOT","All financing schemes","HCTOT","Current expenditure on health (all functions)","HPTOT","All providers","PPPPER","Per capita, current prices, current PPPs","CHL","Chile","2015","2015","USD","US Dollar","0","Units",,,1833.552,,
"HFTOT","All financing schemes","HCTOT","Current expenditure on health (all functions)","HPTOT","All providers","PPPPER","Per capita, current prices, current PPPs","CHL","Chile","2016","2016","USD","US Dollar","0","Units",,,1941.256,,
"HFTOT","All financing schemes","HCTOT","Current expenditure on health (all functions)","HPTOT","All providers","PPPPER","Per capita, current prices, current PPPs","CHL","Chile","2017","2017","USD","US Dollar","0","Units",,,2119.552,,
"HFTOT","All financing schemes","HCTOT","Current expenditure on health (all functions)","HPTOT","All providers","PPPPER","Per capita, current prices, current PPPs","CHL","Chile","2018","2018","USD","US Dollar","0","Units",,,2281.148,,
"HFTOT","All financing schemes","HCTOT","Current expenditure on health (all functions)","HPTOT","All providers","PPPPER","Per capita, current prices, current PPPs","CHL","Chile","2019","2019","USD","US Dollar","0","Units",,,2296.988,,
"HFTOT","All financing schemes","HCTOT","Current expenditure on health (all functions)","HPTOT","All providers","PPPPER","Per capita, current prices, current PPPs","CHL","Chile","2020","2020","USD","US Dollar","0","Units",,,2417.384,,
"HFTOT","All financing schemes","HCTOT","Current expenditure on health (all functions)","HPTOT","All providers","PPPPER","Per capita, current prices, current PPPs","CHL","Chile","2021","2021","USD","US Dollar","0","Units",,,2677.127,,
"HFTOT","All financing schemes","HCTOT","Current expenditure on health (all functions)","HPTOT","All providers","PPPPER","Per capita, current prices, current PPPs","CHL","Chile","2022","2022","USD","US Dollar","0","Units",,,2699.394,"P","Provisional value"
"HFTOT","All financing schemes","HCTOT","Current expenditure on health (all functions)","HPTOT","All providers","PPPPER","Per capita, current prices, current PPPs","CZE","Czechia","2015","2015","USD","US Dollar","0","Units",,,2605.889,,
"HFTOT","All financing schemes","HCTOT","Current expenditure on health (all functions)","HPTOT","All providers","PPPPER","Per capita, current prices, current PPPs","CZE","Czechia","2016","2016","USD","US Dollar","0","Units",,,2798.379,,
"HFTOT","All financing schemes","HCTOT","Current expenditure on health (all functions)","HPTOT","All providers","PPPPER","Per capita, current prices, current PPPs","CZE","Czechia","2017","2017","USD","US Dollar","0","Units",,,2969.542,,
"HFTOT","All financing schemes","HCTOT","Current expenditure on health (all functions)","HPTOT","All providers","PPPPER","Per capita, current prices, current PPPs","CZE","Czechia","2018","2018","USD","US Dollar","0","Units",,,3128.523,,
"HFTOT","All financing schemes","HCTOT","Current expenditure on health (all functions)","HPTOT","All providers","PPPPER","Per capita, current prices, current PPPs","CZE","Czechia","2019","2019","USD","US Dollar","0","Units",,,3272.224,,
"HFTOT","All financing schemes","HCTOT","Current expenditure on health (all functions)","HPTOT","All providers","PPPPER","Per capita, current prices, current PPPs","CZE","Czechia","2020","2020","USD","US Dollar","0","Units",,,3804.101,,
"HFTOT","All financing schemes","HCTOT","Current expenditure on health (all functions)","HPTOT","All providers","PPPPER","Per capita, current prices, current PPPs","CZE","Czechia","2021","2021","USD","US Dollar","0","Units",,,4302.98,,
"HFTOT","All financing schemes","HCTOT","Current expenditure on health (all functions)","HPTOT","All providers","PPPPER","Per capita, current prices, current PPPs","CZE","Czechia","2022","2022","USD","US Dollar","0","Units",,,4512.162,"E","Estimated value"
"HFTOT","All financing schemes","HCTOT","Current expenditure on health (all functions)","HPTOT","All providers","PPPPER","Per capita, current prices, current PPPs","MLT","Malta","2015","2015","USD","US Dollar","0","Units",,,3215.49,,
"HFTOT","All financing schemes","HCTOT","Current expenditure on health (all functions)","HPTOT","All providers","PPPPER","Per capita, current prices, current PPPs","MLT","Malta","2016","2016","USD","US Dollar","0","Units",,,3451.508,,
"HFTOT","All financing schemes","HCTOT","Current expenditure on health (all functions)","HPTOT","All providers","PPPPER","Per capita, current prices, current PPPs","MLT","Malta","2017","2017","USD","US Dollar","0","Units",,,3654.164,,
"HFTOT","All financing schemes","HCTOT","Current expenditure on health (all functions)","HPTOT","All providers","PPPPER","Per capita, current prices, current PPPs","MLT","Malta","2018","2018","USD","US Dollar","0","Units",,,3771.99,,
"HFTOT","All financing schemes","HCTOT","Current expenditure on health (all functions)","HPTOT","All providers","PPPPER","Per capita, current prices, current PPPs","MLT","Malta","2019","2019","USD","US Dollar","0","Units",,,4154.13,,
"HFTOT","All financing schemes","HCTOT","Current expenditure on health (all functions)","HPTOT","All providers","PPPPER","Per capita, current prices, current PPPs","MLT","Malta","2020","2020","USD","US Dollar","0","Units",,,4315.813,,
"HFTOT","All financing schemes","HCTOT","Current expenditure on health (all functions)","HPTOT","All providers","PPPPER","Per capita, current prices, current PPPs","NZL","New Zealand","2015","2015","USD","US Dollar","0","Units",,,3500.719,"P","Provisional value"
"HFTOT","All financing schemes","HCTOT","Current expenditure on health (all functions)","HPTOT","All providers","PPPPER","Per capita, current prices, current PPPs","NZL","New Zealand","2016","2016","USD","US Dollar","0","Units",,,3732.589,"P","Provisional value"
"HFTOT","All financing schemes","HCTOT","Current expenditure on health (all functions)","HPTOT","All providers","PPPPER","Per capita, current prices, current PPPs","NZL","New Zealand","2017","2017","USD","US Dollar","0","Units",,,3842.325,"P","Provisional value"
"HFTOT","All financing schemes","HCTOT","Current expenditure on health (all functions)","HPTOT","All providers","PPPPER","Per capita, current prices, current PPPs","NZL","New Zealand","2018","2018","USD","US Dollar","0","Units",,,3913.078,"P","Provisional value"
"HFTOT","All financing schemes","HCTOT","Current expenditure on health (all functions)","HPTOT","All providers","PPPPER","Per capita, current prices, current PPPs","NZL","New Zealand","2019","2019","USD","US Dollar","0","Units",,,4249.593,"E","Estimated value"
"HFTOT","All financing schemes","HCTOT","Current expenditure on health (all functions)","HPTOT","All providers","PPPPER","Per capita, current prices, current PPPs","NZL","New Zealand","2020","2020","USD","US Dollar","0","Units",,,4469.383,"E","Estimated value"
"HFTOT","All financing schemes","HCTOT","Current expenditure on health (all functions)","HPTOT","All providers","PPPPER","Per capita, current prices, current PPPs","NZL","New Zealand","2021","2021","USD","US Dollar","0","Units",,,4921.245,"E","Estimated value"
"HFTOT","All financing schemes","HCTOT","Current expenditure on health (all functions)","HPTOT","All providers","PPPPER","Per capita, current prices, current PPPs","NZL","New Zealand","2022","2022","USD","US Dollar","0","Units",,,6060.93,"E","Estimated value"
"HFTOT","All financing schemes","HCTOT","Current expenditure on health (all functions)","HPTOT","All providers","PPPPER","Per capita, current prices, current PPPs","BGR","Bulgaria","2015","2015","USD","US Dollar","0","Units",,,1436.623,,
"HFTOT","All financing schemes","HCTOT","Current expenditure on health (all functions)","HPTOT","All providers","PPPPER","Per capita, current prices, current PPPs","BGR","Bulgaria","2016","2016","USD","US Dollar","0","Units",,,1598.353,,
"HFTOT","All financing schemes","HCTOT","Current expenditure on health (all functions)","HPTOT","All providers","PPPPER","Per capita, current prices, current PPPs","BGR","Bulgaria","2017","2017","USD","US Dollar","0","Units",,,1692.697,,
"HFTOT","All financing schemes","HCTOT","Current expenditure on health (all functions)","HPTOT","All providers","PPPPER","Per capita, current prices, current PPPs","BGR","Bulgaria","2018","2018","USD","US Dollar","0","Units",,,1766.905,,
"HFTOT","All financing schemes","HCTOT","Current expenditure on health (all functions)","HPTOT","All providers","PPPPER","Per capita, current prices, current PPPs","BGR","Bulgaria","2019","2019","USD","US Dollar","0","Units",,,1795.621,,
"HFTOT","All financing schemes","HCTOT","Current expenditure on health (all functions)","HPTOT","All providers","PPPPER","Per capita, current prices, current PPPs","BGR","Bulgaria","2020","2020","USD","US Dollar","0","Units",,,2122.982,,
"HFTOT","All financing schemes","HCTOT","Current expenditure on health (all functions)","HPTOT","All providers","PPPPER","Per capita, current prices, current PPPs","BGR","Bulgaria","2021","2021","USD","US Dollar","0","Units",,,2479.297,,
"HFTOT","All financing schemes","HCTOT","Current expenditure on health (all functions)","HPTOT","All providers","PPPPER","Per capita, current prices, current PPPs","CYP","Cyprus","2015","2015","USD","US Dollar","0","Units",,,2085.298,"B","Break"
"HFTOT","All financing schemes","HCTOT","Current expenditure on health (all functions)","HPTOT","All providers","PPPPER","Per capita, current prices, current PPPs","CYP","Cyprus","2016","2016","USD","US Dollar","0","Units",,,2287.422,,
"HFTOT","All financing schemes","HCTOT","Current expenditure on health (all functions)","HPTOT","All providers","PPPPER","Per capita, current prices, current PPPs","CYP","Cyprus","2017","2017","USD","US Dollar","0","Units",,,2415.264,,
"HFTOT","All financing schemes","HCTOT","Current expenditure on health (all functions)","HPTOT","All providers","PPPPER","Per capita, current prices, current PPPs","CYP","Cyprus","2018","2018","USD","US Dollar","0","Units",,,2615.209,,
"HFTOT","All financing schemes","HCTOT","Current expenditure on health (all functions)","HPTOT","All providers","PPPPER","Per capita, current prices, current PPPs","CYP","Cyprus","2019","2019","USD","US Dollar","0","Units",,,2783.252,,
"HFTOT","All financing schemes","HCTOT","Current expenditure on health (all functions)","HPTOT","All providers","PPPPER","Per capita, current prices, current PPPs","CYP","Cyprus","2020","2020","USD","US Dollar","0","Units",,,3120.853,,
"HFTOT","All financing schemes","HCTOT","Current expenditure on health (all functions)","HPTOT","All providers","PPPPER","Per capita, current prices, current PPPs","CYP","Cyprus","2021","2021","USD","US Dollar","0","Units",,,3860.134,"P","Provisional value"
"HFTOT","All financing schemes","HCTOT","Current expenditure on health (all functions)","HPTOT","All providers","PPPPER","Per capita, current prices, current PPPs","HRV","Croatia","2015","2015","USD","US Dollar","0","Units",,,1522.75,,
"HFTOT","All financing schemes","HCTOT","Current expenditure on health (all functions)","HPTOT","All providers","PPPPER","Per capita, current prices, current PPPs","HRV","Croatia","2016","2016","USD","US Dollar","0","Units",,,1675.377,,
"HFTOT","All financing schemes","HCTOT","Current expenditure on health (all functions)","HPTOT","All providers","PPPPER","Per capita, current prices, current PPPs","HRV","Croatia","2017","2017","USD","US Dollar","0","Units",,,1762.634,,
"HFTOT","All financing schemes","HCTOT","Current expenditure on health (all functions)","HPTOT","All providers","PPPPER","Per capita, current prices, current PPPs","HRV","Croatia","2018","2018","USD","US Dollar","0","Units",,,1882.167,,
"HFTOT","All financing schemes","HCTOT","Current expenditure on health (all functions)","HPTOT","All providers","PPPPER","Per capita, current prices, current PPPs","HRV","Croatia","2019","2019","USD","US Dollar","0","Units",,,2043.652,,
"HFTOT","All financing schemes","HCTOT","Current expenditure on health (all functions)","HPTOT","All providers","PPPPER","Per capita, current prices, current PPPs","HRV","Croatia","2020","2020","USD","US Dollar","0","Units",,,2158.935,,
"HFTOT","All financing schemes","HCTOT","Current expenditure on health (all functions)","HPTOT","All providers","PPPPER","Per capita, current prices, current PPPs","HRV","Croatia","2021","2021","USD","US Dollar","0","Units",,,2605.581,,
"HFTOT","All financing schemes","HCTOT","Current expenditure on health (all functions)","HPTOT","All providers","PPPPER","Per capita, current prices, current PPPs","ARG","Argentina","2015","2015","USD","US Dollar","0","Units",,,1986.572,,
"HFTOT","All financing schemes","HCTOT","Current expenditure on health (all functions)","HPTOT","All providers","PPPPER","Per capita, current prices, current PPPs","ARG","Argentina","2016","2016","USD","US Dollar","0","Units",,,1764.138,,
"HFTOT","All financing schemes","HCTOT","Current expenditure on health (all functions)","HPTOT","All providers","PPPPER","Per capita, current prices, current PPPs","ARG","Argentina","2017","2017","USD","US Dollar","0","Units",,,2552.047,,
"HFTOT","All financing schemes","HCTOT","Current expenditure on health (all functions)","HPTOT","All providers","PPPPER","Per capita, current prices, current PPPs","ARG","Argentina","2018","2018","USD","US Dollar","0","Units",,,2299.808,,
"HFTOT","All financing schemes","HCTOT","Current expenditure on health (all functions)","HPTOT","All providers","PPPPER","Per capita, current prices, current PPPs","ARG","Argentina","2019","2019","USD","US Dollar","0","Units",,,2254.047,,
"HFTOT","All financing schemes","HCTOT","Current expenditure on health (all functions)","HPTOT","All providers","PPPPER","Per capita, current prices, current PPPs","ARG","Argentina","2020","2020","USD","US Dollar","0","Units",,,2169.661,,
"HFTOT","All financing schemes","HCTOT","Current expenditure on health (all functions)","HPTOT","All providers","PPPPER","Per capita, current prices, current PPPs","BRA","Brazil","2015","2015","USD","US Dollar","0","Units",,,1360.799,,
"HFTOT","All financing schemes","HCTOT","Current expenditure on health (all functions)","HPTOT","All providers","PPPPER","Per capita, current prices, current PPPs","BRA","Brazil","2016","2016","USD","US Dollar","0","Units",,,1339.996,,
"HFTOT","All financing schemes","HCTOT","Current expenditure on health (all functions)","HPTOT","All providers","PPPPER","Per capita, current prices, current PPPs","BRA","Brazil","2017","2017","USD","US Dollar","0","Units",,,1391.372,,
"HFTOT","All financing schemes","HCTOT","Current expenditure on health (all functions)","HPTOT","All providers","PPPPER","Per capita, current prices, current PPPs","BRA","Brazil","2018","2018","USD","US Dollar","0","Units",,,1437.449,,
"HFTOT","All financing schemes","HCTOT","Current expenditure on health (all functions)","HPTOT","All providers","PPPPER","Per capita, current prices, current PPPs","BRA","Brazil","2019","2019","USD","US Dollar","0","Units",,,1497.734,,
"HFTOT","All financing schemes","HCTOT","Current expenditure on health (all functions)","HPTOT","All providers","PPPPER","Per capita, current prices, current PPPs","BRA","Brazil","2020","2020","USD","US Dollar","0","Units",,,1572.708,,
"HFTOT","All financing schemes","HCTOT","Current expenditure on health (all functions)","HPTOT","All providers","PPPPER","Per capita, current prices, current PPPs","CHN","China (People's Republic of)","2015","2015","USD","US Dollar","0","Units",,,641.134,,
"HFTOT","All financing schemes","HCTOT","Current expenditure on health (all functions)","HPTOT","All providers","PPPPER","Per capita, current prices, current PPPs","CHN","China (People's Republic of)","2016","2016","USD","US Dollar","0","Units",,,673.891,,
"HFTOT","All financing schemes","HCTOT","Current expenditure on health (all functions)","HPTOT","All providers","PPPPER","Per capita, current prices, current PPPs","CHN","China (People's Republic of)","2017","2017","USD","US Dollar","0","Units",,,735.94,,
"HFTOT","All financing schemes","HCTOT","Current expenditure on health (all functions)","HPTOT","All providers","PPPPER","Per capita, current prices, current PPPs","CHN","China (People's Republic of)","2018","2018","USD","US Dollar","0","Units",,,816.619,,
"HFTOT","All financing schemes","HCTOT","Current expenditure on health (all functions)","HPTOT","All providers","PPPPER","Per capita, current prices, current PPPs","CHN","China (People's Republic of)","2019","2019","USD","US Dollar","0","Units",,,901.854,,
"HFTOT","All financing schemes","HCTOT","Current expenditure on health (all functions)","HPTOT","All providers","PPPPER","Per capita, current prices, current PPPs","CHN","China (People's Republic of)","2020","2020","USD","US Dollar","0","Units",,,978.788,,
"HFTOT","All financing schemes","HCTOT","Current expenditure on health (all functions)","HPTOT","All providers","PPPPER","Per capita, current prices, current PPPs","IND","India","2015","2015","USD","US Dollar","0","Units",,,213.974,,
"HFTOT","All financing schemes","HCTOT","Current expenditure on health (all functions)","HPTOT","All providers","PPPPER","Per capita, current prices, current PPPs","IND","India","2016","2016","USD","US Dollar","0","Units",,,221.958,,
"HFTOT","All financing schemes","HCTOT","Current expenditure on health (all functions)","HPTOT","All providers","PPPPER","Per capita, current prices, current PPPs","IND","India","2017","2017","USD","US Dollar","0","Units",,,195.432,,
"HFTOT","All financing schemes","HCTOT","Current expenditure on health (all functions)","HPTOT","All providers","PPPPER","Per capita, current prices, current PPPs","IND","India","2018","2018","USD","US Dollar","0","Units",,,205.465,,
"HFTOT","All financing schemes","HCTOT","Current expenditure on health (all functions)","HPTOT","All providers","PPPPER","Per capita, current prices, current PPPs","IND","India","2019","2019","USD","US Dollar","0","Units",,,219.575,,
"HFTOT","All financing schemes","HCTOT","Current expenditure on health (all functions)","HPTOT","All providers","PPPPER","Per capita, current prices, current PPPs","IND","India","2020","2020","USD","US Dollar","0","Units",,,211.953,,
"HFTOT","All financing schemes","HCTOT","Current expenditure on health (all functions)","HPTOT","All providers","PPPPER","Per capita, current prices, current PPPs","IDN","Indonesia","2015","2015","USD","US Dollar","0","Units",,,307.152,,
"HFTOT","All financing schemes","HCTOT","Current expenditure on health (all functions)","HPTOT","All providers","PPPPER","Per capita, current prices, current PPPs","IDN","Indonesia","2016","2016","USD","US Dollar","0","Units",,,324.26,,
"HFTOT","All financing schemes","HCTOT","Current expenditure on health (all functions)","HPTOT","All providers","PPPPER","Per capita, current prices, current PPPs","IDN","Indonesia","2017","2017","USD","US Dollar","0","Units",,,320.918,,
"HFTOT","All financing schemes","HCTOT","Current expenditure on health (all functions)","HPTOT","All providers","PPPPER","Per capita, current prices, current PPPs","IDN","Indonesia","2018","2018","USD","US Dollar","0","Units",,,337.647,,
"HFTOT","All financing schemes","HCTOT","Current expenditure on health (all functions)","HPTOT","All providers","PPPPER","Per capita, current prices, current PPPs","IDN","Indonesia","2019","2019","USD","US Dollar","0","Units",,,356.262,,
"HFTOT","All financing schemes","HCTOT","Current expenditure on health (all functions)","HPTOT","All providers","PPPPER","Per capita, current prices, current PPPs","IDN","Indonesia","2020","2020","USD","US Dollar","0","Units",,,404.965,,
"HFTOT","All financing schemes","HCTOT","Current expenditure on health (all functions)","HPTOT","All providers","PPPPER","Per capita, current prices, current PPPs","PER","Peru","2015","2015","USD","US Dollar","0","Units",,,604.605,,
"HFTOT","All financing schemes","HCTOT","Current expenditure on health (all functions)","HPTOT","All providers","PPPPER","Per capita, current prices, current PPPs","PER","Peru","2016","2016","USD","US Dollar","0","Units",,,622.679,,
"HFTOT","All financing schemes","HCTOT","Current expenditure on health (all functions)","HPTOT","All providers","PPPPER","Per capita, current prices, current PPPs","PER","Peru","2017","2017","USD","US Dollar","0","Units",,,623.425,,
"HFTOT","All financing schemes","HCTOT","Current expenditure on health (all functions)","HPTOT","All providers","PPPPER","Per capita, current prices, current PPPs","PER","Peru","2018","2018","USD","US Dollar","0","Units",,,686.332,,
"HFTOT","All financing schemes","HCTOT","Current expenditure on health (all functions)","HPTOT","All providers","PPPPER","Per capita, current prices, current PPPs","PER","Peru","2019","2019","USD","US Dollar","0","Units",,,702.355,,
"HFTOT","All financing schemes","HCTOT","Current expenditure on health (all functions)","HPTOT","All providers","PPPPER","Per capita, current prices, current PPPs","PER","Peru","2020","2020","USD","US Dollar","0","Units",,,759.475,,
"HFTOT","All financing schemes","HCTOT","Current expenditure on health (all functions)","HPTOT","All providers","PPPPER","Per capita, current prices, current PPPs","ROU","Romania","2015","2015","USD","US Dollar","0","Units",,,1087.328,,
"HFTOT","All financing schemes","HCTOT","Current expenditure on health (all functions)","HPTOT","All providers","PPPPER","Per capita, current prices, current PPPs","ROU","Romania","2016","2016","USD","US Dollar","0","Units",,,1250.961,,
"HFTOT","All financing schemes","HCTOT","Current expenditure on health (all functions)","HPTOT","All providers","PPPPER","Per capita, current prices, current PPPs","ROU","Romania","2017","2017","USD","US Dollar","0","Units",,,1413.858,,
"HFTOT","All financing schemes","HCTOT","Current expenditure on health (all functions)","HPTOT","All providers","PPPPER","Per capita, current prices, current PPPs","ROU","Romania","2018","2018","USD","US Dollar","0","Units",,,1659.316,,
"HFTOT","All financing schemes","HCTOT","Current expenditure on health (all functions)","HPTOT","All providers","PPPPER","Per capita, current prices, current PPPs","ROU","Romania","2019","2019","USD","US Dollar","0","Units",,,1844.269,,
"HFTOT","All financing schemes","HCTOT","Current expenditure on health (all functions)","HPTOT","All providers","PPPPER","Per capita, current prices, current PPPs","ROU","Romania","2020","2020","USD","US Dollar","0","Units",,,2051.588,,
"HFTOT","All financing schemes","HCTOT","Current expenditure on health (all functions)","HPTOT","All providers","PPPPER","Per capita, current prices, current PPPs","ROU","Romania","2021","2021","USD","US Dollar","0","Units",,,2384.52,,
"HFTOT","All financing schemes","HCTOT","Current expenditure on health (all functions)","HPTOT","All providers","PPPPER","Per capita, current prices, current PPPs","ZAF","South Africa","2015","2015","USD","US Dollar","0","Units",,,1151.605,,
"HFTOT","All financing schemes","HCTOT","Current expenditure on health (all functions)","HPTOT","All providers","PPPPER","Per capita, current prices, current PPPs","ZAF","South Africa","2016","2016","USD","US Dollar","0","Units",,,1163.482,,
"HFTOT","All financing schemes","HCTOT","Current expenditure on health (all functions)","HPTOT","All providers","PPPPER","Per capita, current prices, current PPPs","ZAF","South Africa","2017","2017","USD","US Dollar","0","Units",,,1149.499,,
"HFTOT","All financing schemes","HCTOT","Current expenditure on health (all functions)","HPTOT","All providers","PPPPER","Per capita, current prices, current PPPs","ZAF","South Africa","2018","2018","USD","US Dollar","0","Units",,,1192.289,,
"HFTOT","All financing schemes","HCTOT","Current expenditure on health (all functions)","HPTOT","All providers","PPPPER","Per capita, current prices, current PPPs","ZAF","South Africa","2019","2019","USD","US Dollar","0","Units",,,1222.202,,
"HFTOT","All financing schemes","HCTOT","Current expenditure on health (all functions)","HPTOT","All providers","PPPPER","Per capita, current prices, current PPPs","ZAF","South Africa","2020","2020","USD","US Dollar","0","Units",,,1183.846,,
